{
    "RMSE": 0.8050895500685284,
    "MAE": 0.6594522318305758,
    "R2 Score": 0.008166224784209808
}